Title,As of,Rank,Year to Date Rank,Last Week Rank,Title,Type,Netflix Exclusive,Netflix Release Date,Days In Top 10,Viewership Score,year
#Alive,2020-09-14,8,6,-,#Alive,Movie,Yes,2020-09-08,6,34,2020
17 Again,2021-01-08,8,5,-,17 Again,Movie,No,2021-01-01,7,33,2021
1BR,2020-08-29,10,6,-,1BR,Movie,No,2020-08-23,5,16,2020
2 Hearts,2021-06-13,10,10,4,2 Hearts,Movie,No,2021-06-02,11,57,2021
21 Jump Street,2021-11-10,10,9,5,21 Jump Street,Movie,No,2021-11-01,9,41,2021
30 Minutes or Less,2021-01-07,9,8,-,30 Minutes or Less,Movie,No,2021-01-01,5,16,2021
365 Days,2020-07-05,10,10,4,365 Days,Movie,Yes,2020-07-07,28,213,2020
A Babysitterâs Guide to Mon…,2020-10-19,6,6,-,A Babysitterâs Guide to Mon…,Movie,Yes,2020-10-15,3,15,2020
A Boy Called Christmas,2021-12-26,8,8,-,A Boy Called Christmas,Movie,Yes,2021-11-24,9,25,2021
A California Christmas,2020-12-22,8,3,1,A California Christmas,Movie,Yes,2020-12-14,8,69,2020
A California Christmas: Cit…,2021-12-22,9,6,-,A California Christmas: Cit…,Movie,Yes,2021-12-16,6,39,2021
A Castle for Christmas,2021-12-03,10,10,-,A Castle for Christmas,Movie,Yes,2021-11-26,7,30,2021
A Haunted House 2,2021-06-15,9,9,-,A Haunted House 2,Movie,No,2021-06-10,2,4,2021
A Thousand Words,2020-07-07,9,8,-,A Thousand Words,Movie,No,2020-07-01,4,13,2020
A Week Away,2021-03-31,10,10,-,A Week Away,Movie,Yes,2021-03-26,4,11,2021
After We Collided,2020-12-31,7,7,2,After We Collided,Movie,No,2020-12-22,9,59,2020
After We Fell,2022-01-21,9,4,-,After We Fell,Movie,No,2022-01-17,4,25,2022
Afterlife of the Party,2021-09-10,9,8,2,Afterlife of the Party,Movie,Yes,2021-09-02,8,49,2021
Aftermath,2021-08-12,8,8,-,Aftermath,Movie,Yes,2021-08-04,7,31,2021
Against the Ice,2022-03-04,9,9,-,Against the Ice,Movie,Yes,2022-03-02,2,4,2022
All About the Benjamins,2021-02-10,10,9,-,All About the Benjamins,Movie,No,2021-02-01,6,30,2021
All Day and a Night,2020-05-07,10,7,-,All Day and a Night,Movie,Yes,2020-05-01,6,27,2020
American Me,2021-04-29,8,9,-,American Me,Movie,No,2021-04-17,3,7,2021
American Murder: The Family…,2020-10-15,10,7,2,American Murder: The Family…,Movie,Yes,2020-09-30,15,117,2020
American Pie Presents: Girl…,2020-10-14,9,6,6,American Pie Presents: Girl…,Movie,No,2020-10-06,8,40,2020
American Pie: Reunion,2021-11-19,9,-,-,American Pie: Reunion,Movie,No,2021-11-16,2,9,2021
An Unfinished Life,2021-09-19,10,9,-,An Unfinished Life,Movie,No,2021-09-01,7,15,2021
Anaconda,2020-09-08,9,9,-,Anaconda,Movie,No,2020-09-01,2,4,2020
Angel Has Fallen,2020-04-16,10,10,4,Angel Has Fallen,Movie,No,2020-04-04,12,62,2020
Animal Crackers,2020-08-04,10,8,5,Animal Crackers,Movie,Yes,2020-07-24,11,60,2020
Animals on the Loose: A You…,2021-02-17,9,-,-,Animals on the Loose: A You…,Movie,Yes,2021-02-16,1,2,2021
Annabelle: Creation,2022-01-24,7,7,-,Annabelle: Creation,Movie,No,2022-01-20,4,15,2022
Arctic Dogs,2020-05-08,8,8,-,Arctic Dogs,Movie,No,2020-05-04,4,17,2020
Are We There Yet?,2021-02-08,10,-,-,Are We There Yet?,Movie,No,2021-02-01,1,1,2021
Army of Thieves,2021-11-07,9,10,2,Army of Thieves,Movie,Yes,2021-10-29,9,57,2021
Army of the Dead,2021-06-09,10,-,7,Army of the Dead,Movie,Yes,2021-05-21,18,113,2021
Athlete A,2020-06-30,6,4,-,Athlete A,Movie,Yes,2020-06-24,5,28,2020
Ava,2020-12-18,9,4,1,Ava,Movie,No,2020-12-07,11,84,2020
Awake,2021-06-17,10,8,2,Awake,Movie,Yes,2021-06-09,8,50,2021
Baby Mama,2020-06-25,9,9,-,Baby Mama,Movie,No,2018-12-16,4,10,2020
Back to the Outback,2021-12-31,9,10,4,Back to the Outback,Movie,Yes,2021-12-10,20,108,2021
Bad Teacher,2020-10-02,8,3,-,Bad Teacher,Movie,No,2020-09-27,5,32,2020
Bad Trip,2021-04-05,7,4,1,Bad Trip,Movie,No,2021-03-26,9,78,2021
Badland,2020-04-01,9,8,-,Badland,Movie,No,2020-03-26,4,11,2020
Battleship,2022-03-04,10,10,-,Battleship,Movie,No,2022-03-01,3,6,2022
Beckett,2021-08-20,5,4,-,Beckett,Movie,Yes,2021-08-13,7,57,2021
Becoming,2020-05-11,6,5,-,Becoming,Movie,Yes,2020-05-06,5,31,2020
Below Zero,2021-02-04,6,2,-,Below Zero,Movie,Yes,2021-01-29,6,54,2021
Big Daddy,2020-10-08,10,7,-,Big Daddy,Movie,No,2020-10-01,3,10,2020
Bigfoot Family,2021-03-08,8,5,2,Bigfoot Family,Movie,Yes,2021-02-26,10,75,2021
Biggie: I Got A Story to Tell,2021-03-05,7,4,-,Biggie: I Got A Story to Tell,Movie,Yes,2021-03-01,4,27,2021
Black Island,2021-08-20,10,10,-,Black Island,Movie,Yes,2021-08-18,2,2,2021
Blackhat,2022-02-21,8,9,-,Blackhat,Movie,No,2022-02-16,4,11,2022
Blood Father,2020-04-03,10,6,-,Blood Father,Movie,No,2020-03-26,7,36,2020
Blood Red Sky,2021-08-01,10,9,1,Blood Red Sky,Movie,Yes,2021-07-23,9,62,2021
Blue Miracle,2021-06-04,9,9,3,Blue Miracle,Movie,Yes,2021-05-27,8,43,2021
"Bob Ross: Happy Accidents, …",2021-09-01,10,8,-,"Bob Ross: Happy Accidents, …",Movie,Yes,2021-08-25,7,27,2021
Braven,2020-12-22,5,5,-,Braven,Movie,No,2020-12-17,5,27,2020
Brazen,2022-01-23,8,10,2,Brazen,Movie,Yes,2022-01-13,10,63,2022
Britney vs Spears,2021-10-04,8,7,-,Britney vs Spears,Movie,Yes,2021-09-28,6,38,2021
Bruised,2021-12-02,9,4,2,Bruised,Movie,Yes,2021-11-24,8,61,2021
Can You Keep a Secret?,2022-02-02,9,10,-,Can You Keep a Secret?,Movie,No,2022-01-31,2,3,2022
Christmas on the Square,2020-11-23,8,-,-,Christmas on the Square,Movie,Yes,2020-11-22,1,3,2020
Cloudy with a Chance of Mea…,2020-11-26,9,7,4,Cloudy with a Chance of Mea…,Movie,No,2020-11-15,10,58,2020
Clueless,2020-06-06,10,7,-,Clueless,Movie,No,2014-01-01,4,11,2020
Code 8,2020-04-20,9,8,2,Code 8,Movie,No,2020-04-11,9,51,2020
Coffee & Kareem,2020-04-11,8,7,5,Coffee & Kareem,Movie,Yes,2020-04-03,8,51,2020
Colombiana,2020-10-09,10,9,-,Colombiana,Movie,No,2020-10-04,4,9,2020
Concrete Cowboy,2021-04-12,10,8,2,Concrete Cowboy,Movie,Yes,2021-04-02,10,60,2021
Cut Throat City,2021-01-25,6,5,-,Cut Throat City,Movie,No,2021-01-20,4,25,2021
Cuties,2020-09-16,7,7,-,Cuties,Movie,Yes,2020-09-09,5,18,2020
Da 5 Bloods,2020-06-19,7,4,-,Da 5 Bloods,Movie,Yes,2020-06-12,7,55,2020
Dangerous Lies,2020-05-08,9,6,2,Dangerous Lies,Movie,Yes,2020-04-30,8,62,2020
Dark Shadows,2022-01-05,10,-,-,Dark Shadows,Movie,No,2022-01-01,1,1,2022
Dead Man Down,2021-05-14,10,9,-,Dead Man Down,Movie,No,2013-11-06,6,22,2021
Deadly Illusions,2021-03-28,6,5,2,Deadly Illusions,Movie,Yes,2021-03-18,10,82,2021
Death to 2020,2021-01-04,9,7,6,Death to 2020,Movie,Yes,2020-12-27,8,50,2021
Death to 2021,2021-12-31,10,7,-,Death to 2021,Movie,Yes,2021-12-27,4,13,2021
Den of Thieves,2020-05-11,8,7,7,Den of Thieves,Movie,No,2020-05-01,9,31,2020
Dennis the Menace,2020-08-14,10,8,5,Dennis the Menace,Movie,No,2020-08-01,9,25,2020
Desperados,2020-07-14,10,10,4,Desperados,Movie,Yes,2020-07-03,11,48,2020
Despicable Me,2022-02-11,10,10,-,Despicable Me,Movie,No,2020-04-16,13,78,2022
Despicable Me 2,2022-03-01,8,9,9,Despicable Me 2,Movie,No,2022-02-01,27,88,2022
Django Unchained,2020-04-30,9,10,-,Django Unchained,Movie,No,2014-10-25,5,8,2020
Dog Gone Trouble,2021-06-11,9,8,3,Dog Gone Trouble,Movie,Yes,2021-05-28,14,91,2021
Donât Look Up,2022-01-19,10,9,5,Donât Look Up,Movie,Yes,2021-12-24,26,189,2022
Double Jeopardy,2020-07-07,10,10,-,Double Jeopardy,Movie,No,2016-06-01,2,2,2020
Dr. Seussâ The Lorax,2020-07-24,7,10,5,Dr. Seussâ The Lorax,Movie,No,2020-07-07,17,92,2020
Drunk Parents,2020-08-27,9,5,10,Drunk Parents,Movie,No,2020-08-17,8,43,2020
Due Date,2020-09-10,8,6,4,Due Date,Movie,No,2020-09-01,9,48,2020
Easy A,2020-11-10,8,8,-,Easy A,Movie,No,2020-11-01,6,21,2020
Enola Holmes,2020-10-05,7,6,2,Enola Holmes,Movie,Yes,2020-09-23,12,93,2020
Eurovision Song Contest: Th…,2020-07-04,9,8,2,Eurovision Song Contest: Th…,Movie,Yes,2020-06-26,8,58,2020
Extraction,2020-05-11,7,9,6,Extraction,Movie,Yes,2020-04-24,14,97,2020
Fatal Affair,2020-07-24,10,5,1,Fatal Affair,Movie,Yes,2020-07-16,8,61,2020
Fatherhood,2021-07-06,10,8,5,Fatherhood,Movie,Yes,2021-06-18,18,129,2021
Fear Street Part 1: 1994,2021-07-15,10,9,6,Fear Street Part 1: 1994,Movie,Yes,2021-07-02,13,64,2021
Fear Street Part 2: 1978,2021-07-16,10,8,-,Fear Street Part 2: 1978,Movie,Yes,2021-07-09,7,34,2021
Fear Street Part 3: 1666,2021-07-19,7,4,-,Fear Street Part 3: 1666,Movie,Yes,2021-07-16,3,19,2021
Feel the Beat,2020-07-01,7,8,5,Feel the Beat,Movie,Yes,2020-06-19,12,58,2020
Finding âOhana,2021-02-07,6,8,2,Finding âOhana,Movie,Yes,2021-01-29,9,57,2021
Fistful of Vengeance,2022-02-18,6,-,-,Fistful of Vengeance,Movie,Yes,2022-02-17,1,5,2022
Friends with Benefits,2021-04-08,10,6,-,Friends with Benefits,Movie,No,2021-04-01,7,38,2021
Going in Style,2021-10-20,10,10,-,Going in Style,Movie,No,2021-10-11,5,8,2021
Good on Paper,2021-07-01,10,8,6,Good on Paper,Movie,Yes,2021-06-23,8,37,2021
Green Lantern,2021-09-08,10,9,-,Green Lantern,Movie,No,2021-09-01,7,33,2021
Green Zone,2021-05-07,9,6,-,Green Zone,Movie,No,2021-05-01,6,27,2021
Grown Ups,2021-10-04,10,10,5,Grown Ups,Movie,No,2021-09-20,10,49,2021
Grumpy Christmas,2021-12-22,8,-,-,Grumpy Christmas,Movie,Yes,2021-12-21,1,3,2021
Gunpowder Milkshake,2021-07-20,9,5,-,Gunpowder Milkshake,Movie,Yes,2021-07-14,6,39,2021
Hard Kill,2020-11-30,8,9,-,Hard Kill,Movie,No,2020-11-23,6,31,2020
Hasta el cielo,2021-04-04,10,5,-,Hasta el cielo,Movie,Yes,2021-04-02,2,7,2021
Have a Good Trip: Adventure…,2020-05-17,10,10,-,Have a Good Trip: Adventure…,Movie,Yes,2020-05-11,5,15,2020
Here Comes the Boom,2021-11-24,6,7,-,Here Comes the Boom,Movie,No,2021-11-20,2,9,2021
Heâs All That,2021-09-05,8,8,1,Heâs All That,Movie,Yes,2021-08-27,9,69,2021
Hillbilly Elegy,2020-12-01,7,6,-,Hillbilly Elegy,Movie,Yes,2020-11-24,7,52,2020
His House,2020-11-03,7,4,-,His House,Movie,Yes,2020-10-30,4,19,2020
Holidate,2020-11-10,10,7,2,Holidate,Movie,Yes,2020-10-28,13,91,2020
Home,2021-09-30,9,-,-,Home,Movie,No,2021-05-25,21,123,2021
Home Team,2022-02-07,10,9,5,Home Team,Movie,Yes,2022-01-28,10,41,2022
Homefront,2021-02-01,8,8,2,Homefront,Movie,No,2021-01-18,12,74,2021
Hometown Holiday,2020-11-18,9,9,-,Hometown Holiday,Movie,No,2020-11-15,2,4,2020
Hop,2021-04-05,5,-,-,Hop,Movie,No,2020-01-16,2,10,2021
House at the End of the Street,2020-05-13,10,-,-,House at the End of the Street,Movie,No,2013-05-08,1,1,2020
How the Grinch Stole Christmas,2020-12-28,10,6,2,How the Grinch Stole Christmas,Movie,No,2017-06-01,29,137,2020
How to Train Your Dragon 2,2020-09-16,10,-,-,How to Train Your Dragon 2,Movie,No,2020-09-11,1,1,2020
Hubie Halloween,2020-11-02,10,5,9,Hubie Halloween,Movie,Yes,2020-10-07,19,141,2020
Hypnotic,2021-11-02,10,5,-,Hypnotic,Movie,Yes,2021-10-27,6,29,2021
I Am All Girls,2021-05-20,9,6,-,I Am All Girls,Movie,Yes,2021-05-14,6,19,2021
I Care a Lot.,2021-03-08,10,10,3,I Care a Lot.,Movie,Yes,2021-02-19,15,103,2021
I Now Pronounce You Chuck a…,2020-07-10,8,8,-,I Now Pronounce You Chuck a…,Movie,No,2018-03-01,5,15,2020
If Anything Happens I Love You,2020-11-25,10,8,-,If Anything Happens I Love You,Movie,Yes,2020-11-20,2,4,2020
Illumination Presents The G…,2020-12-04,6,9,6,Illumination Presents The G…,Movie,No,2019-06-05,24,95,2020
Intrusion,2021-09-30,6,9,-,Intrusion,Movie,Yes,2021-09-22,7,37,2021
Ip Man 4: The Finale,2020-07-27,10,7,-,Ip Man 4: The Finale,Movie,No,2020-07-21,5,22,2020
Jingle Jangle: A Christmas …,2020-12-26,8,8,-,Jingle Jangle: A Christmas …,Movie,Yes,2020-11-13,10,40,2020
Jiu Jitsu,2021-03-25,9,8,-,Jiu Jitsu,Movie,No,2021-03-20,4,16,2021
John Henry,2020-05-18,9,7,3,John Henry,Movie,No,2020-05-09,8,50,2020
Journey 2: The Mysterious I…,2022-01-07,9,8,-,Journey 2: The Mysterious I…,Movie,No,2022-01-01,6,22,2022
Jungle Beat: The Movie,2021-05-21,9,8,-,Jungle Beat: The Movie,Movie,No,2021-05-14,6,17,2021
Jurassic Park,2020-08-10,9,9,-,Jurassic Park,Movie,No,2020-08-01,6,20,2020
Just Go With It,2022-01-14,10,8,8,Just Go With It,Movie,No,2020-05-22,19,67,2022
Just Like Heaven,2022-03-07,10,10,-,Just Like Heaven,Movie,No,2022-03-01,4,8,2022
Kate,2021-09-30,10,-,9,Kate,Movie,Yes,2021-09-10,14,91,2021
King Arthur: Legend of the …,2021-11-01,8,7,-,King Arthur: Legend of the …,Movie,No,2021-10-25,6,20,2021
Klaus,2020-12-26,9,7,-,Klaus,Movie,Yes,2019-11-15,2,6,2020
Knock Knock,2020-11-11,8,7,3,Knock Knock,Movie,No,2020-11-01,9,58,2020
Kung Fu Panda,2021-07-09,10,9,-,Kung Fu Panda,Movie,No,2021-07-01,3,5,2021
Latte & the Magic Waterstone,2020-08-05,10,7,-,Latte & the Magic Waterstone,Movie,Yes,2020-07-31,2,5,2020
Law Abiding Citizen,2021-12-16,9,7,7,Law Abiding Citizen,Movie,No,2018-12-16,8,30,2021
Legally Blonde,2021-04-12,8,9,-,Legally Blonde,Movie,Yes,2021-04-01,6,13,2021
Life,2021-12-08,9,9,-,Life,Movie,No,2021-12-01,7,23,2021
Lost Bullet,2020-06-26,9,7,-,Lost Bullet,Movie,Yes,2020-06-19,7,33,2020
Love,2020-07-01,10,10,7,Love,Movie,No,2016-02-04,8,23,2020
Love Happens,2021-05-07,10,5,-,Love Happens,Movie,No,2021-05-01,6,29,2021
Love Hard,2021-11-18,9,5,1,Love Hard,Movie,Yes,2021-11-05,13,111,2021
Love Wedding Repeat,2020-04-15,8,6,-,Love Wedding Repeat,Movie,Yes,2020-04-10,5,27,2020
"Love, Guaranteed",2020-09-11,7,5,3,"Love, Guaranteed",Movie,Yes,2020-09-03,8,59,2020
Ma Raineyâs Black Bottom,2020-12-22,7,1,-,Ma Raineyâs Black Bottom,Movie,Yes,2020-12-18,4,34,2020
Madagascar 3: Europe's Most…,2021-05-13,10,10,4,Madagascar 3: Europe's Most…,Movie,No,2021-05-01,12,56,2021
Magnetic,2020-06-22,10,8,-,Magnetic,Movie,No,2020-06-12,4,7,2020
Major Grom: Plague Doctor,2021-07-14,7,6,-,Major Grom: Plague Doctor,Movie,Yes,2021-07-07,5,23,2021
Major Payne,2021-08-13,9,7,-,Major Payne,Movie,No,2021-08-01,4,11,2021
Malcolm & Marie,2021-02-09,8,3,-,Malcolm & Marie,Movie,Yes,2021-02-05,4,28,2021
Malibu Rescue: The Next Wave,2020-08-07,7,4,-,Malibu Rescue: The Next Wave,Movie,Yes,2020-08-03,3,18,2020
Marauders,2020-12-08,5,5,-,Marauders,Movie,No,2020-12-02,5,32,2020
Midnight at the Magnolia,2020-11-10,9,9,-,Midnight at the Magnolia,Movie,No,2020-11-05,3,5,2020
Mile 22,2020-11-14,8,8,4,Mile 22,Movie,No,2020-11-01,11,65,2020
Moneyball,2020-10-20,7,5,-,Moneyball,Movie,No,2020-10-14,6,35,2020
Monster,2021-05-12,9,8,-,Monster,Movie,Yes,2021-05-07,5,16,2021
Monsters vs. Aliens,2021-06-10,9,9,-,Monsters vs. Aliens,Movie,No,2021-06-01,6,10,2021
Mother's Day,2021-07-12,9,10,4,Mother's Day,Movie,No,2021-07-01,9,44,2021
Moxie,2021-03-10,10,10,-,Moxie,Movie,Yes,2021-03-03,7,33,2021
Mr. Peabody & Sherman,2020-08-25,10,9,5,Mr. Peabody & Sherman,Movie,No,2020-08-11,13,59,2020
Munich: The Edge of War,2022-01-27,8,8,-,Munich: The Edge of War,Movie,Yes,2022-01-21,3,7,2022
Murder to Mercy: The Cyntoi…,2020-05-05,10,8,-,Murder to Mercy: The Cyntoi…,Movie,Yes,2020-04-29,6,25,2020
My Little Pony: A New Gener…,2021-10-10,10,-,5,My Little Pony: A New Gener…,Movie,Yes,2021-09-24,13,68,2021
Night Teeth,2021-10-26,10,7,-,Night Teeth,Movie,Yes,2021-10-20,6,24,2021
Nightbooks,2021-09-21,10,10,-,Nightbooks,Movie,Yes,2021-09-15,5,12,2021
No One Gets Out Alive,2021-10-01,4,2,-,No One Gets Out Alive,Movie,Yes,2021-09-29,2,16,2021
Octonauts & The Ring of Fire,2021-04-02,9,10,-,Octonauts & The Ring of Fire,Movie,Yes,2021-03-30,2,3,2021
Only,2020-07-14,9,7,-,Only,Movie,No,2020-07-05,7,23,2020
Operation Christmas Drop,2020-11-12,8,6,-,Operation Christmas Drop,Movie,Yes,2020-11-05,7,50,2020
Operation Varsity Blues,2021-03-28,7,8,5,Operation Varsity Blues,Movie,Yes,2021-03-17,11,67,2021
Outside the Wire,2021-01-24,8,8,1,Outside the Wire,Movie,Yes,2021-01-15,9,69,2021
Over the Moon,2020-11-05,10,6,5,Over the Moon,Movie,Yes,2020-10-23,13,80,2020
Parker,2021-03-16,10,5,-,Parker,Movie,No,2021-03-04,7,36,2021
Passing,2021-11-14,7,10,-,Passing,Movie,Yes,2021-11-10,3,9,2021
Patriots Day,2020-07-09,9,6,3,Patriots Day,Movie,No,2020-07-01,8,52,2020
Peppermint,2020-12-09,9,4,6,Peppermint,Movie,No,2020-12-01,8,53,2020
Peter Rabbit 2,2021-12-13,8,8,-,Peter Rabbit 2,Movie,No,2021-12-09,4,19,2021
Pets United,2020-09-20,10,10,2,Pets United,Movie,Yes,2020-09-11,9,53,2020
Pieces of a Woman,2021-01-11,7,6,-,Pieces of a Woman,Movie,Yes,2021-01-07,4,24,2021
Prey,2021-09-16,8,5,-,Prey,Movie,Yes,2021-09-10,5,25,2021
Project Power,2020-08-31,7,8,2,Project Power,Movie,Yes,2020-08-14,17,134,2020
Public Enemies,2020-05-22,10,10,-,Public Enemies,Movie,No,2020-05-16,6,19,2020
Puss in Boots,2020-09-08,10,10,-,Puss in Boots,Movie,No,2020-09-01,2,2,2020
Quantum of Solace,2020-09-02,6,9,-,Quantum of Solace,Movie,No,2020-08-31,2,7,2020
Rango,2021-01-01,8,-,-,Rango,Movie,No,2020-12-28,1,3,2021
Real Steel,2020-10-01,6,4,-,Real Steel,Movie,No,2020-09-24,7,52,2020
Rebecca,2020-10-27,9,7,-,Rebecca,Movie,Yes,2020-10-21,6,33,2020
Red Dot,2021-02-16,8,7,-,Red Dot,Movie,Yes,2021-02-11,5,16,2021
Red Notice,2021-12-12,9,10,9,Red Notice,Movie,Yes,2021-11-12,23,162,2021
Replicas,2021-11-04,10,9,-,Replicas,Movie,No,2021-11-01,2,3,2021
Resort to Love,2021-08-04,9,5,-,Resort to Love,Movie,Yes,2021-07-29,6,37,2021
Restless,2022-03-02,10,5,-,Restless,Movie,Yes,2022-02-25,4,18,2022
Rogue City,2020-11-05,9,4,-,Rogue City,Movie,Yes,2020-10-30,6,35,2020
Rogue Warfare: The Hunt,2020-08-04,9,3,-,Rogue Warfare: The Hunt,Movie,No,2020-08-01,2,10,2020
Rust Creek,2020-12-04,9,4,-,Rust Creek,Movie,No,2020-11-30,3,10,2020
SAS: Red Notice,2021-09-03,9,5,-,SAS: Red Notice,Movie,No,2021-08-27,7,47,2021
Sabotage,2021-05-27,10,10,-,Sabotage,Movie,No,2021-05-19,7,26,2021
Safe House,2021-09-30,8,-,5,Safe House,Movie,No,2021-09-16,9,58,2021
Salt,2020-04-03,9,-,-,Salt,Movie,No,2020-04-01,1,2,2020
Savages,2021-03-28,8,-,3,Savages,Movie,No,2021-03-16,10,60,2021
Saving Private Ryan,2021-04-09,8,6,-,Saving Private Ryan,Movie,No,2021-04-01,4,13,2021
Scary Stories to Tell in th…,2022-01-03,10,-,-,Scary Stories to Tell in th…,Movie,No,2022-01-01,1,1,2022
Seaspiracy,2021-04-02,10,8,10,Seaspiracy,Movie,Yes,2021-03-24,8,24,2021
Secret Magic Control Agency,2021-04-03,10,7,6,Secret Magic Control Agency,Movie,Yes,2021-03-25,8,44,2021
Secrets of the Saqqara Tomb,2020-11-03,10,5,-,Secrets of the Saqqara Tomb,Movie,Yes,2020-10-28,5,22,2020
Sentinelle,2021-03-09,5,3,-,Sentinelle,Movie,Yes,2021-03-05,4,30,2021
Shooter,2022-03-11,8,8,-,Shooter,Movie,No,2014-08-01,3,7,2022
Shrek,2022-03-11,10,10,-,Shrek,Movie,No,2018-05-01,7,12,2022
Shrek 2,2022-03-11,9,9,7,Shrek 2,Movie,No,2022-03-01,10,33,2022
Single All the Way,2021-12-07,10,7,-,Single All the Way,Movie,Yes,2021-12-02,5,13,2021
Single all the Way,2021-12-04,10,7,-,Single all the Way,Movie,Yes,2021-12-02,2,5,2021
Skylines,2021-03-23,10,7,-,Skylines,Movie,No,2021-03-18,4,9,2021
Sleepless,2020-05-14,8,4,-,Sleepless,Movie,No,2020-05-09,6,37,2020
Sniper: Ghost Shooter,2021-04-14,10,10,7,Sniper: Ghost Shooter,Movie,No,2021-04-01,9,21,2021
Snowden,2020-11-06,9,6,-,Snowden,Movie,No,2020-11-01,3,10,2020
Soul Surfer,2020-05-22,9,9,-,Soul Surfer,Movie,No,2020-05-17,5,17,2020
Space Sweepers,2021-02-08,8,-,-,Space Sweepers,Movie,Yes,2021-02-05,1,3,2021
Squared Love,2021-02-15,8,9,-,Squared Love,Movie,Yes,2021-02-11,4,12,2021
St. Vincent,2022-02-23,10,10,10,St. Vincent,Movie,No,2016-08-10,6,11,2022
Step Up Revolution,2021-03-03,10,-,-,Step Up Revolution,Movie,No,2021-03-01,1,1,2021
Stowaway,2021-05-01,7,6,2,Stowaway,Movie,Yes,2021-04-22,9,70,2021
Sweet Girl,2021-09-01,7,7,1,Sweet Girl,Movie,Yes,2021-08-20,12,96,2021
Synchronic,2021-04-26,7,7,1,Synchronic,Movie,No,2021-04-16,9,64,2021
Tall Girl 2,2022-02-15,8,5,-,Tall Girl 2,Movie,Yes,2022-02-11,4,23,2022
Talladega Nights: The Balla…,2021-07-09,9,8,-,Talladega Nights: The Balla…,Movie,No,2021-07-01,5,14,2021
Texas Chainsaw Massacre,2022-02-24,10,4,-,Texas Chainsaw Massacre,Movie,Yes,2022-02-18,6,39,2022
The 2nd,2020-12-04,10,3,-,The 2nd,Movie,No,2020-11-30,4,26,2020
The BFG,2021-03-28,10,-,-,The BFG,Movie,No,2021-03-15,1,1,2021
The Babysitter: Killer Queen,2020-09-16,6,6,-,The Babysitter: Killer Queen,Movie,Yes,2020-09-10,6,43,2020
The Beast,2020-12-01,8,5,-,The Beast,Movie,Yes,2020-11-27,4,14,2020
The Boss Baby: Get That Baby,2020-09-06,8,9,-,The Boss Baby: Get That Baby,Movie,Yes,2020-09-01,4,12,2020
The Christmas Chronicles,2021-12-26,4,4,-,The Christmas Chronicles,Movie,Yes,2018-11-22,12,46,2021
The Christmas Chronicles 2,2021-12-26,7,5,-,The Christmas Chronicles 2,Movie,Yes,2020-11-25,24,132,2021
The Colony,2022-01-17,8,7,-,The Colony,Movie,No,2022-01-11,6,31,2022
The Conjuring 2,2021-02-25,10,8,-,The Conjuring 2,Movie,No,2021-02-21,4,13,2021
The Croods,2021-01-01,10,-,-,The Croods,Movie,No,2019-07-29,2,2,2021
The DUFF,2021-10-08,10,10,-,The DUFF,Movie,No,2021-10-01,6,21,2021
The Dark Knight,2021-03-13,10,10,10,The Dark Knight,Movie,No,2021-03-01,8,21,2021
The Devil All the Time,2020-09-23,10,6,-,The Devil All the Time,Movie,Yes,2020-09-16,7,45,2020
The Devil Below,2021-06-17,8,10,-,The Devil Below,Movie,No,2021-06-13,3,5,2021
The Dig,2021-02-07,7,9,3,The Dig,Movie,Yes,2021-01-29,9,54,2021
The Father Who Moves Mountains,2021-09-23,6,6,-,The Father Who Moves Mountains,Movie,Yes,2021-09-17,4,18,2021
The Forgotten Battle,2021-10-20,7,6,-,The Forgotten Battle,Movie,Yes,2021-10-15,5,23,2021
The Frozen Ground,2020-09-04,9,6,-,The Frozen Ground,Movie,No,2020-08-27,6,37,2020
The Green Hornet,2020-04-21,10,10,-,The Green Hornet,Movie,No,2020-04-18,2,2,2020
The Guilty,2021-10-12,8,5,4,The Guilty,Movie,Yes,2021-10-01,11,73,2021
The Half of It,2020-05-04,10,9,-,The Half of It,Movie,Yes,2020-05-01,2,3,2020
The Hangover,2020-04-09,10,10,-,The Hangover,Movie,No,2019-07-01,3,3,2020
The Harder They Fall,2021-11-17,10,9,4,The Harder They Fall,Movie,Yes,2021-11-03,14,98,2021
The Healer,2020-06-05,8,7,-,The Healer,Movie,No,2020-06-01,4,15,2020
The Help,2020-06-08,9,9,-,The Help,Movie,No,2020-06-01,6,21,2020
The Ice Road,2021-07-08,10,10,4,The Ice Road,Movie,Yes,2021-06-25,13,85,2021
The Impossible,2020-11-16,8,4,2,The Impossible,Movie,No,2020-11-01,11,76,2020
The Kissing Booth,2020-07-30,8,8,-,The Kissing Booth,Movie,Yes,2020-05-11,6,21,2020
The Kissing Booth 2,2020-08-05,9,6,1,The Kissing Booth 2,Movie,Yes,2020-07-24,12,97,2020
The Kissing Booth 3,2021-08-21,10,8,1,The Kissing Booth 3,Movie,Yes,2021-08-11,9,60,2021
The Last Blockbuster,2021-03-22,10,10,-,The Last Blockbuster,Movie,No,2021-03-15,5,6,2021
The Last Days of American C…,2020-06-11,10,7,-,The Last Days of American C…,Movie,Yes,2020-06-05,6,31,2020
The Last Letter From Your L…,2021-07-29,10,7,-,The Last Letter From Your L…,Movie,Yes,2021-07-23,5,23,2021
The Life Ahead,2020-11-16,7,9,-,The Life Ahead,Movie,Yes,2020-11-13,2,6,2020
The Little Rascals,2021-04-18,8,-,4,The Little Rascals,Movie,No,2021-04-02,7,31,2021
The Longest Yard,2022-01-12,10,9,9,The Longest Yard,Movie,No,2015-04-01,8,26,2022
The Losers,2021-08-09,9,9,3,The Losers,Movie,No,2021-08-01,8,39,2021
The Lost Daughter,2022-01-05,8,8,-,The Lost Daughter,Movie,Yes,2021-12-31,5,26,2022
The Lost Husband,2020-08-21,9,7,1,The Lost Husband,Movie,No,2020-08-10,11,80,2020
The Loud House Movie,2021-08-30,8,7,2,The Loud House Movie,Movie,Yes,2021-08-20,10,68,2021
The Lovebirds,2020-05-28,10,8,-,The Lovebirds,Movie,Yes,2020-05-22,6,35,2020
The Lucky One,2022-02-03,10,-,-,The Lucky One,Movie,No,2022-02-01,1,1,2022
The Main Event,2020-04-15,9,8,-,The Main Event,Movie,Yes,2020-04-10,3,6,2020
The Midnight Sky,2021-01-02,6,5,1,The Midnight Sky,Movie,Yes,2020-12-23,10,82,2021
The Mitchells vs. The Machines,2021-05-31,9,9,6,The Mitchells vs. The Machines,Movie,Yes,2021-04-30,31,204,2021
The Next Three Days,2021-02-03,9,6,2,The Next Three Days,Movie,No,2021-01-22,9,60,2021
The Nut Job,2020-07-01,8,7,3,The Nut Job,Movie,No,2014-08-13,11,58,2020
The Old Guard,2020-07-27,8,9,3,The Old Guard,Movie,Yes,2020-07-10,14,108,2020
The Outpost,2020-10-07,9,7,-,The Outpost,Movie,No,2020-10-01,6,34,2020
The Paramedic,2020-09-18,7,9,-,The Paramedic,Movie,Yes,2020-09-16,2,6,2020
The Platform,2020-04-02,9,5,4,The Platform,Movie,Yes,2020-03-20,10,57,2020
The Players Club,2020-04-04,10,8,-,The Players Club,Movie,No,2020-04-01,2,4,2020
The Power of the Dog,2021-12-09,10,7,3,The Power of the Dog,Movie,Yes,2021-12-01,8,45,2021
The Princess Switch 3: Roma…,2021-11-22,8,7,-,The Princess Switch 3: Roma…,Movie,Yes,2021-11-18,5,27,2021
The Princess Switch: Switch…,2020-11-25,9,4,-,The Princess Switch: Switch…,Movie,Yes,2020-11-19,6,42,2020
The Prom,2020-12-16,10,6,-,The Prom,Movie,Yes,2020-12-11,5,30,2020
The Roommate,2020-04-06,9,8,-,The Roommate,Movie,No,2020-04-01,5,18,2020
The Royal Treatment,2022-01-28,7,4,3,The Royal Treatment,Movie,Yes,2022-01-20,8,54,2022
The Secret Life of Pets 2,2021-03-28,9,-,-,The Secret Life of Pets 2,Movie,No,2019-12-27,1,2,2021
The Shack,2021-12-21,9,7,2,The Shack,Movie,No,2021-12-10,10,68,2021
The Sleepover,2020-08-27,10,7,-,The Sleepover,Movie,Yes,2020-08-21,6,29,2020
The Smurfs,2020-09-11,10,6,2,The Smurfs,Movie,No,2020-09-01,10,66,2020
The Smurfs 2,2020-09-28,9,6,4,The Smurfs 2,Movie,No,2020-09-15,12,74,2020
The Social Dilemma,2020-09-23,9,9,4,The Social Dilemma,Movie,Yes,2020-09-09,13,53,2020
The Stand-In,2021-04-14,7,6,-,The Stand-In,Movie,No,2021-04-10,2,9,2021
The Starling,2021-10-01,8,4,-,The Starling,Movie,Yes,2021-09-24,7,47,2021
The Take,2020-09-28,8,5,2,The Take,Movie,No,2020-09-16,11,66,2020
The Tinder Swindler,2022-02-17,10,6,4,The Tinder Swindler,Movie,Yes,2022-02-02,15,71,2022
The Town,2022-01-11,10,10,-,The Town,Movie,No,2020-07-01,15,40,2022
The Trial of the Chicago 7,2020-10-21,8,5,-,The Trial of the Chicago 7,Movie,Yes,2020-10-16,5,32,2020
The Twilight Saga: Breaking…,2021-07-28,10,8,7,The Twilight Saga: Breaking…,Movie,No,2021-07-16,9,30,2021
The Twilight Saga: Eclipse,2021-07-27,10,-,7,The Twilight Saga: Eclipse,Movie,No,2021-07-16,7,17,2021
The Twilight Saga: New Moon,2021-07-27,9,10,6,The Twilight Saga: New Moon,Movie,No,2021-07-16,9,35,2021
The Unforgivable,2022-01-02,10,-,5,The Unforgivable,Movie,Yes,2021-12-10,22,171,2022
The Vanished,2021-02-01,9,9,10,The Vanished,Movie,No,2021-01-15,12,24,2021
The Vault,2021-08-12,10,10,4,The Vault,Movie,No,2021-07-31,12,53,2021
The Weekend Away,2022-03-09,9,7,-,The Weekend Away,Movie,Yes,2022-03-03,6,28,2022
The White Tiger,2021-01-25,5,6,-,The White Tiger,Movie,Yes,2021-01-22,2,11,2021
The Willoughbys,2020-05-02,7,7,2,The Willoughbys,Movie,Yes,2020-04-22,10,66,2020
The Witcher: Nightmare of t…,2021-08-25,9,9,-,The Witcher: Nightmare of t…,Movie,Yes,2021-08-23,2,4,2021
The Woman in the Window,2021-05-25,3,3,1,The Woman in the Window,Movie,Yes,2021-05-14,11,100,2021
The Wrong Missy,2020-05-27,10,7,2,The Wrong Missy,Movie,Yes,2020-05-13,14,103,2020
Thereâs Someone Inside Your…,2021-10-11,6,6,-,Thereâs Someone Inside Your…,Movie,Yes,2021-10-06,5,26,2021
Things Heard & Seen,2021-05-06,8,8,-,Things Heard & Seen,Movie,Yes,2021-04-29,7,43,2021
Thunder Force,2021-04-26,8,8,4,Thunder Force,Movie,Yes,2021-04-09,16,112,2021
Titanic,2021-10-11,7,7,-,Titanic,Movie,No,2021-10-01,7,20,2021
To All the Boys Always and …,2021-02-19,8,7,-,To All the Boys Always and …,Movie,Yes,2021-02-12,7,47,2021
Training Day,2021-03-11,10,5,-,Training Day,Movie,No,2021-03-01,7,30,2021
Transformers: Revenge of th…,2022-02-04,8,9,-,Transformers: Revenge of th…,Movie,No,2022-02-01,3,9,2022
Tremors: Shrieker Island,2020-10-23,7,6,-,Tremors: Shrieker Island,Movie,No,2020-10-20,3,11,2020
Triple 9,2020-12-14,10,5,-,Triple 9,Movie,No,2020-12-08,6,29,2020
Trollhunters: Rise of the T…,2021-07-23,9,-,-,Trollhunters: Rise of the T…,Movie,Yes,2021-07-21,1,2,2021
Twilight,2021-07-24,4,4,7,Twilight,Movie,No,2015-03-02,8,55,2021
Tyler Perryâs A Madea Homec…,2022-03-08,10,7,3,Tyler Perryâs A Madea Homec…,Movie,Yes,2022-02-25,11,70,2022
Uncorked,2020-04-01,10,9,-,Uncorked,Movie,Yes,2020-03-27,4,15,2020
Uncut Gems,2020-06-04,9,9,2,Uncut Gems,Movie,No,2020-05-25,10,69,2020
Unknown,2021-01-10,10,-,3,Unknown,Movie,No,2021-01-01,7,38,2021
Vivo,2021-09-30,7,-,-,Vivo,Movie,Yes,2021-08-06,29,166,2021
War Dogs,2021-02-16,7,5,7,War Dogs,Movie,No,2021-02-08,8,44,2021
We Can Be Heroes,2021-01-18,10,9,5,We Can Be Heroes,Movie,Yes,2020-12-25,24,144,2021
Welcome Home Roscoe Jenkins,2021-09-08,9,8,-,Welcome Home Roscoe Jenkins,Movie,No,2021-09-01,7,28,2021
Welcome to Sudden Death,2020-10-05,9,7,-,Welcome to Sudden Death,Movie,No,2020-09-29,5,20,2020
What Lies Below,2021-04-12,9,6,3,What Lies Below,Movie,No,2021-04-04,8,61,2021
White Boy,2021-04-05,9,8,-,White Boy,Movie,No,2021-04-01,2,5,2021
White Christmas,2021-12-25,10,-,-,White Christmas,Movie,No,2020-11-15,1,1,2021
Why Did You Kill Me?,2021-04-22,10,7,3,Why Did You Kill Me?,Movie,Yes,2021-04-14,8,50,2021
Wish Dragon,2021-07-02,10,9,6,Wish Dragon,Movie,Yes,2021-06-11,21,125,2021
Work It,2020-08-14,8,6,-,Work It,Movie,Yes,2020-08-07,7,43,2020
Worth,2021-09-10,10,9,-,Worth,Movie,Yes,2021-09-03,5,14,2021
Xtreme,2021-06-09,8,8,-,Xtreme,Movie,Yes,2021-06-04,4,12,2021
Yes Day,2021-03-28,3,4,1,Yes Day,Movie,Yes,2021-03-12,15,126,2021
"Yes, God, Yes",2020-10-26,10,10,-,"Yes, God, Yes",Movie,No,2020-10-22,4,11,2020
Yogi Bear,2020-10-06,10,8,-,Yogi Bear,Movie,No,2020-10-01,4,8,2020
Your Highness,2021-05-04,9,-,-,Your Highness,Movie,No,2021-05-01,1,2,2021
Zookeeper,2020-08-02,7,8,-,Zookeeper,Movie,No,2020-07-26,3,9,2020
